sec,mm^2
390,16.091
360,27.557
330,20.332
300,71.765
270,241.475
240,359.946
210,222.28
180,312.323
150,329.128
120,415.886
90,205.125
60,265.645
50,314.652
40,275.402
10,210.349
0,388.192
420,68.751
390,55.96916667
360,62.70983333
330,4.687
300,9.802
270,50.756